"month","orders_count","avg_order_value","previous_avg_order_value","aov_mom_pct"
"2016-09-01",1,134.97,NULL,NULL
"2016-10-01",265,152.17,134.97,12.74
"2016-12-01",1,10.90,152.17,-92.84
"2017-01-01",750,149.06,10.90,1267.56
"2017-02-01",1653,141.70,149.06,-4.94
"2017-03-01",2546,141.08,141.70,-0.43
"2017-04-01",2303,147.92,141.08,4.85
"2017-05-01",3546,138.00,147.92,-6.71
"2017-06-01",3135,134.58,138.00,-2.47
"2017-07-01",3872,124.38,134.58,-7.58
"2017-08-01",4193,132.29,124.38,6.36
"2017-09-01",4150,146.36,132.29,10.64
"2017-10-01",4478,144.76,146.36,-1.09
"2017-11-01",7289,135.51,144.76,-6.39
"2017-12-01",5513,131.69,135.51,-2.82
"2018-01-01",7069,130.80,131.69,-0.68
"2018-02-01",6555,126.08,130.80,-3.61
"2018-03-01",7003,136.14,126.08,7.98
"2018-04-01",6798,143.21,136.14,5.20
"2018-05-01",6749,144.84,143.21,1.14
"2018-06-01",6099,140.36,144.84,-3.09
"2018-07-01",6159,140.92,140.36,0.40
"2018-08-01",6351,132.04,140.92,-6.31
