"month","orders_count","product_revenue","freight_revenue","total_order_value","avg_order_value"
"2016-09-01",1,134.97,8.49,143.46,143.46
"2016-10-01",265,40325.11,6165.55,46490.66,175.44
"2016-12-01",1,10.90,8.72,19.62,19.62
"2017-01-01",750,111798.36,15684.01,127482.37,169.98
"2017-02-01",1653,234223.40,37015.92,271239.32,164.09
"2017-03-01",2546,359198.85,55132.10,414330.95,162.74
"2017-04-01",2303,340669.68,50142.72,390812.40,169.70
"2017-05-01",3546,489338.25,77513.15,566851.40,159.86
"2017-06-01",3135,421923.37,68127.00,490050.37,156.32
"2017-07-01",3872,481604.52,84694.56,566299.08,146.25
"2017-08-01",4193,554699.70,91132.66,645832.36,154.03
"2017-09-01",4150,607399.67,93677.82,701077.49,168.93
"2017-10-01",4478,648247.65,102869.36,751117.01,167.73
"2017-11-01",7289,987765.37,165598.83,1153364.20,158.23
"2017-12-01",5513,726033.19,117045.10,843078.29,152.93
"2018-01-01",7069,924645.00,153242.46,1077887.46,152.48
"2018-02-01",6555,826437.13,139731.28,966168.41,147.39
"2018-03-01",7003,953356.25,167241.99,1120598.24,160.02
"2018-04-01",6798,973534.09,159344.84,1132878.93,166.65
"2018-05-01",6749,977544.69,151229.83,1128774.52,167.25
"2018-06-01",6099,856077.86,155900.43,1011978.29,165.93
"2018-07-01",6159,867953.46,159853.82,1027807.28,166.88
"2018-08-01",6351,838576.64,146915.00,985491.64,155.17
