"month","product_revenue","previous_revenue","revenue_mom_pct","orders_count","previous_orders","orders_mom_pct"
"2016-09-01",134.97,NULL,NULL,1,NULL,NULL
"2016-10-01",40325.11,134.97,29777.09,265,1,26400.00
"2016-12-01",10.90,40325.11,-99.97,1,265,-99.62
"2017-01-01",111798.36,10.90,1025573.03,750,1,74900.00
"2017-02-01",234223.40,111798.36,109.51,1653,750,120.40
"2017-03-01",359198.85,234223.40,53.36,2546,1653,54.02
"2017-04-01",340669.68,359198.85,-5.16,2303,2546,-9.54
"2017-05-01",489338.25,340669.68,43.64,3546,2303,53.97
"2017-06-01",421923.37,489338.25,-13.78,3135,3546,-11.59
"2017-07-01",481604.52,421923.37,14.15,3872,3135,23.51
"2017-08-01",554699.70,481604.52,15.18,4193,3872,8.29
"2017-09-01",607399.67,554699.70,9.50,4150,4193,-1.03
"2017-10-01",648247.65,607399.67,6.73,4478,4150,7.90
"2017-11-01",987765.37,648247.65,52.37,7289,4478,62.77
"2017-12-01",726033.19,987765.37,-26.50,5513,7289,-24.37
"2018-01-01",924645.00,726033.19,27.36,7069,5513,28.22
"2018-02-01",826437.13,924645.00,-10.62,6555,7069,-7.27
"2018-03-01",953356.25,826437.13,15.36,7003,6555,6.83
"2018-04-01",973534.09,953356.25,2.12,6798,7003,-2.93
"2018-05-01",977544.69,973534.09,0.41,6749,6798,-0.72
"2018-06-01",856077.86,977544.69,-12.43,6099,6749,-9.63
"2018-07-01",867953.46,856077.86,1.39,6159,6099,0.98
"2018-08-01",838576.64,867953.46,-3.38,6351,6159,3.12
